Topic,Count,Name,Representation,Representative_Docs
0,10066,0_spicy_sauce_chili_stir,"['spicy', 'sauce', 'chili', 'stir', 'sauce spicy']","[""['stir', 'fry']"", ""['stir', 'fry']"", ""['stir', 'fry']""]"
1,7025,1_sausage_stew_pot_crock,"['sausage', 'stew', 'pot', 'crock', 'crock pot']","[""['crock', 'pot', 'beef', 'stew']"", ""['beef', 'stew', 'crock', 'pot']"", ""['crock', 'pot']""]"
2,5847,2_mushrooms_mushroom_broccoli_cauliflower,"['mushrooms', 'mushroom', 'broccoli', 'cauliflower', 'basil']","[""['mushroom']"", ""['mushrooms']"", ""['mushrooms']""]"
3,3805,3_punch_dip_la_pollo,"['punch', 'dip', 'la', 'pollo', 'pesto']","[""['island', 'fruit', 'punch']"", ""['wine', 'punch']"", ""['tea', 'punch']""]"
4,3422,4_pork_pork chops_chops_pork tenderloin,"['pork', 'pork chops', 'chops', 'pork tenderloin', 'chops pork']","[""['pork', 'chops']"", ""['pork', 'chops']"", ""['pork', 'chops']""]"
5,3404,5_peanut butter_peanut_butter_cream,"['peanut butter', 'peanut', 'butter', 'cream', 'ice cream']","[""['peanut', 'butter']"", ""['peanut', 'butter']"", ""['peanut', 'butter']""]"
6,3194,6_rice_sesame_chicken rice_rice casserole,"['rice', 'sesame', 'chicken rice', 'rice casserole', 'rice rice']","[""['chicken', 'rice']"", ""['chicken', 'rice']"", ""['chicken', 'rice']""]"
7,3096,7_cake_cheesecake_cupcakes_chocolate cake,"['cake', 'cheesecake', 'cupcakes', 'chocolate cake', 'cake chocolate']","[""['chocolate', 'cake']"", ""['chocolate', 'cake']"", ""['cake', 'n']""]"
8,2811,8_muffins_bran_waffles_bran muffins,"['muffins', 'bran', 'waffles', 'bran muffins', 'muffins banana']","[""['bran', 'muffins']"", ""['bran', 'muffins']"", ""['bran', 'muffins']""]"
9,2694,9_pudding_yogurt_smoothie_bread pudding,"['pudding', 'yogurt', 'smoothie', 'bread pudding', 'rice pudding']","[""['rice', 'pudding']"", ""['pudding']"", ""['pudding']""]"
10,2484,10_salsa_tortilla_taco_burritos,"['salsa', 'tortilla', 'taco', 'burritos', 'tacos']","[""['salsa']"", ""['salsa']"", ""['salsa']""]"
11,2437,11_squash_zucchini_butternut squash_butternut,"['squash', 'zucchini', 'butternut squash', 'butternut', 'summer squash']","[""['squash']"", ""['squash']"", ""['squash']""]"
12,2330,12_chicken_breasts_chicken chicken_chicken breasts,"['chicken', 'breasts', 'chicken chicken', 'chicken breasts', 'breasts chicken']","[""['chicken', 'breasts']"", ""['chicken', 'breasts']"", ""['chicken', 'breasts']""]"
13,2275,13_potatoes_potatoes potatoes_potatoes potato_potato,"['potatoes', 'potatoes potatoes', 'potatoes potato', 'potato', 'potato casserole']","[""['potatoes']"", ""['potatoes']"", ""['potatoes']""]"
14,2252,14_spaghetti_pasta_noodles_pasta salad,"['spaghetti', 'pasta', 'noodles', 'pasta salad', 'chicken noodles']","[""['pasta', 'salad']"", ""['pasta', 'salad']"", ""['pasta', 'salad']""]"
15,2246,15_tuna_salmon_tuna salad_tuna casserole,"['tuna', 'salmon', 'tuna salad', 'tuna casserole', 'salmon tuna']","[""['tuna']"", ""['tuna']"", ""['tuna']""]"
16,2162,16_soup_bean soup_potato soup_soup bean,"['soup', 'bean soup', 'potato soup', 'soup bean', 'soup potato']","[""['bean', 'soup']"", ""['bean', 'soup']"", ""['bean', 'soup', 'bean', 'soup']""]"
17,2025,17_salad_potato salad_salad potato_chicken salad,"['salad', 'potato salad', 'salad potato', 'chicken salad', 'fruit salad']","[""['potato', 'salad']"", ""['potato', 'salad']"", ""['potato', 'salad']""]"
18,1664,18_burgers_fries_burger_cheeseburger,"['burgers', 'fries', 'burger', 'cheeseburger', 'hamburger']","[""['burgers']"", ""['burgers']"", ""['burgers']""]"
19,1553,19_curry_thai_mandarin_chicken curry,"['curry', 'thai', 'mandarin', 'chicken curry', 'curry thai']","[""['thai', 'curry']"", ""['thai', 'chicken', 'curry']"", ""['thai', 'chicken', 'curry']""]"
20,1406,20_shrimp_crab_shrimp salad_shrimp pasta,"['shrimp', 'crab', 'shrimp salad', 'shrimp pasta', 'salad shrimp']","[""['shrimp', 'salad']"", ""['shrimp', 'salad']"", ""['n', 'shrimp']""]"
21,1336,21_garlic_herb_vinegar_parsley,"['garlic', 'herb', 'vinegar', 'parsley', 'garlic potatoes']","[""['herb']"", ""['herb']"", ""['garlic']""]"
22,1266,22_sandwich_sandwiches_salad sandwiches_sandwiches chicken,"['sandwich', 'sandwiches', 'salad sandwiches', 'sandwiches chicken', 'egg']","[""['sandwiches']"", ""['sandwiches']"", ""['c', 'p', 'b', 'b', 'sandwich']""]"
23,1264,23_pineapple_banana_coconut_avocado,"['pineapple', 'banana', 'coconut', 'avocado', 'bananas']","[""['pineapple', 'chicken']"", ""['banana', 'pineapple']"", ""['pineapple', 'banana']""]"
24,1237,24_bread_bread machine_machine_loaf,"['bread', 'bread machine', 'machine', 'loaf', 'bread bread']","[""['bread', 'bread', 'machine']"", ""['bread', 'bread', 'machine']"", ""['bread', 'bread', 'machine']""]"
25,1208,25_pizza_crust_pastry_pie crust,"['pizza', 'crust', 'pastry', 'pie crust', 'crust pizza']","[""['v', 'pizza']"", ""['pizza', 'b']"", ""['n', 'pizza']""]"
26,982,26_texas_california_orleans_south border,"['texas', 'california', 'orleans', 'south border', 'border']","[""['texas', 'chili']"", ""['texas', 'chili']"", ""['texas']""]"
27,962,27_grandma_aunt_uncle_uncle bill,"['grandma', 'aunt', 'uncle', 'uncle bill', 'bill']","[""['grandma', 'potato', 'salad']"", ""['cake', 'grandma']"", ""['grandma', 'potato', 'salad']""]"
28,889,28_pistachio_pine_hazelnut_nuts,"['pistachio', 'pine', 'hazelnut', 'nuts', 'pine nuts']","[""['spinach', 'pine', 'nuts']"", ""['pine', 'nuts']"", ""['pine', 'nuts']""]"
29,883,29_macaroni cheese_macaroni_cheese_cheese macaroni,"['macaroni cheese', 'macaroni', 'cheese', 'cheese macaroni', 'mac cheese']","[""['macaroni', 'cheese']"", ""['macaroni', 'cheese']"", ""['macaroni', 'cheese']""]"
30,877,30_beans_beans beans_beans bean_bean dip,"['beans', 'beans beans', 'beans bean', 'bean dip', 'style beans']","[""['beans']"", ""['beans']"", ""['beans', 'beans']""]"
31,871,31_meatballs_meatballs meatballs_meatball_meatballs meatball,"['meatballs', 'meatballs meatballs', 'meatball', 'meatballs meatball', 'sauce meatballs']","[""['meatballs']"", ""['meatballs']"", ""['meatballs']""]"
32,821,32_asparagus_asparagus asparagus_chicken asparagus_asparagus salad,"['asparagus', 'asparagus asparagus', 'chicken asparagus', 'asparagus salad', 'salad asparagus']","[""['asparagus', 'salad']"", ""['chicken', 'asparagus']"", ""['chicken', 'asparagus']""]"
33,794,33_cornbread_corn_cornbread corn_cornbread cornbread,"['cornbread', 'corn', 'cornbread corn', 'cornbread cornbread', 'vegetables']","[""['cornbread']"", ""['cornbread']"", ""['cornbread']""]"
34,788,34_cookies_cookies cookies_cookie_cookies cookie,"['cookies', 'cookies cookies', 'cookie', 'cookies cookie', 'bar cookies']","[""['cookies']"", ""['cookies']"", ""['cookies', 'cookies']""]"
35,780,35_coffee_tea_coffee cake_chai,"['coffee', 'tea', 'coffee cake', 'chai', 'tea coffee']","[""['coffee', 'cake']"", ""['coffee', 'cake']"", ""['coffee', 'cake']""]"
36,775,36_ribs_bbq_barbecue_smoky,"['ribs', 'bbq', 'barbecue', 'smoky', 'pork ribs']","[""['pork', 'ribs']"", ""['pork', 'ribs']"", ""['ribs', 'pork', 'ribs']""]"
37,775,37_onion_onions_onions onion_onion rings,"['onion', 'onions', 'onions onion', 'onion rings', 'rings']","[""['onion']"", ""['onion']"", ""['onion']""]"
38,723,38_gluten_vegan_calorie_vegan gluten,"['gluten', 'vegan', 'calorie', 'vegan gluten', 'cookies gluten']","[""['gluten', 'chocolate', 'chip', 'cookies']"", ""['gluten', 'chocolate', 'chip', 'cookies']"", ""['gluten']""]"
39,693,39_turkey_turkey burgers_burgers turkey_turkey turkey,"['turkey', 'turkey burgers', 'burgers turkey', 'turkey turkey', 'burgers']","[""['turkey']"", ""['turkey']"", ""['turkey']""]"
40,693,40_casserole casserole_casserole_chicken casserole_casserole chicken,"['casserole casserole', 'casserole', 'chicken casserole', 'casserole chicken', 'brunch']","[""['casserole']"", ""['casserole']"", ""['casserole']""]"
41,689,41_strawberry_jam_cranberry_blueberry,"['strawberry', 'jam', 'cranberry', 'blueberry', 'peach']","[""['strawberry', 'jam']"", ""['strawberry', 'jam']"", ""['strawberry', 'jam']""]"
42,677,42_biscuits_biscuits biscuits_buttermilk biscuits_drop biscuits,"['biscuits', 'biscuits biscuits', 'buttermilk biscuits', 'drop biscuits', 'drop']","[""['biscuits']"", ""['biscuits']"", ""['biscuits']""]"
43,653,43_pancakes_pancakes pancakes_potato pancakes_pancakes potato,"['pancakes', 'pancakes pancakes', 'potato pancakes', 'pancakes potato', 'pancakes wheat']","[""['pancakes']"", ""['pancakes']"", ""['pancakes']""]"
44,647,44_spinach_spinach dip_dip spinach_spinach feta,"['spinach', 'spinach dip', 'dip spinach', 'spinach feta', 'spinach spinach']","[""['spinach', 'dip']"", ""['spinach', 'dip']"", ""['spinach', 'dip']""]"
45,630,45_chip cookies_cookies chocolate_chocolate chip_chip,"['chip cookies', 'cookies chocolate', 'chocolate chip', 'chip', 'cookies']","[""['chocolate', 'chip', 'cookies']"", ""['chocolate', 'chip', 'cookies']"", ""['cookies', 'chocolate', 'chip', 'cookies']""]"
46,618,46_steak_steak steak_steaks_skirt,"['steak', 'steak steak', 'steaks', 'skirt', 'round steak']","[""['steak']"", ""['steak']"", ""['steak']""]"
47,596,47_ginger_ginger chicken_ginger ginger_gingersnaps,"['ginger', 'ginger chicken', 'ginger ginger', 'gingersnaps', 'chicken ginger']","[""['ginger']"", ""['ginger']"", ""['ginger']""]"
48,583,48_cabbage_cabbage cabbage_cabbage rolls_cabbage casserole,"['cabbage', 'cabbage cabbage', 'cabbage rolls', 'cabbage casserole', 'beef cabbage']","[""['cabbage']"", ""['cabbage']"", ""['cabbage']""]"
49,561,49_chicken chicken_chicken_chicken yeffa_chicken royale,"['chicken chicken', 'chicken', 'chicken yeffa', 'chicken royale', 'chicken woohoo']","[""['chicken']"", ""['chicken']"", ""['chicken']""]"
50,554,50_brownies_brownies brownies_brownie_brownies chocolate,"['brownies', 'brownies brownies', 'brownie', 'brownies chocolate', 'chocolate brownies']","[""['brownies']"", ""['brownies']"", ""['brownies']""]"
51,543,51_breakfast_breakfast casserole_toast_rolls,"['breakfast', 'breakfast casserole', 'toast', 'rolls', 'dinner rolls']","[""['breakfast', 'casserole']"", ""['breakfast', 'casserole']"", ""['breakfast', 'casserole']""]"
52,540,52_chowder_corn chowder_chowder corn_clam chowder,"['chowder', 'corn chowder', 'chowder corn', 'clam chowder', 'clam']","[""['corn', 'chowder']"", ""['corn', 'chowder']"", ""['corn', 'chowder']""]"
53,531,53_lemonade_juice_lemon_citrus,"['lemonade', 'juice', 'lemon', 'citrus', 'orange']","[""['pink', 'lemonade']"", ""['pink', 'lemonade']"", ""['juice', 'lemonade']""]"
54,475,54_alfredo_fettuccine_alfredo sauce_fettuccine alfredo,"['alfredo', 'fettuccine', 'alfredo sauce', 'fettuccine alfredo', 'chicken alfredo']","[""['alfredo']"", ""['alfredo']"", ""['alfredo']""]"
55,452,55_carrots_carrots carrots_carrot_baby carrots,"['carrots', 'carrots carrots', 'carrot', 'baby carrots', 'carrots carrot']","[""['carrots']"", ""['carrots']"", ""['carrots', 'carrots']""]"
56,448,56_cinnamon_apple cinnamon_cinnamon apple_cinnamon toast,"['cinnamon', 'apple cinnamon', 'cinnamon apple', 'cinnamon toast', 'bread cinnamon']","[""['cinnamon']"", ""['cinnamon']"", ""['cinnamon']""]"
57,433,57____,"['', '', '', '', '']","['[]', '[]', '[]']"
58,432,58_pumpkin_pumpkin pie_pie pumpkin_pie,"['pumpkin', 'pumpkin pie', 'pie pumpkin', 'pie', 'autumn']","[""['pumpkin', 'pie']"", ""['pumpkin', 'pie']"", ""['pumpkin', 'pie']""]"
59,428,59_risotto_artichoke_prosciutto_artichokes,"['risotto', 'artichoke', 'prosciutto', 'artichokes', 'artichoke hearts']","[""['artichoke', 'hearts']"", ""['artichoke', 'risotto']"", ""['artichoke']""]"
60,426,60_pie_pie apple_apple pie_blueberry pie,"['pie', 'pie apple', 'apple pie', 'blueberry pie', 'apple']","[""['apple', 'pie']"", ""['apple', 'pie']"", ""['apple', 'pie', 'apple']""]"
61,398,61_eggs_eggs eggs_eggs egg_egg,"['eggs', 'eggs eggs', 'eggs egg', 'egg', 'egg eggs']","[""['eggs']"", ""['eggs']"", ""['eggs']""]"
62,393,62_bourbon_vodka_scotch_whiskey,"['bourbon', 'vodka', 'scotch', 'whiskey', 'vodka sauce']","[""['bourbon', 'chicken']"", ""['vodka']"", ""['bourbon']""]"
63,393,63_coleslaw_slaw_cole_cole slaw,"['coleslaw', 'slaw', 'cole', 'cole slaw', 'slaw coleslaw']","[""['cole', 'slaw']"", ""['cole', 'slaw']"", ""['cole', 'slaw']""]"
64,377,64_hash_hash browns_browns_hash hash,"['hash', 'hash browns', 'browns', 'hash hash', 'browns hash']","[""['hash', 'browns']"", ""['hash', 'browns']"", ""['hash', 'browns']""]"
65,375,65_meatloaf_meatloaf meatloaf_style meatloaf_meatloaf style,"['meatloaf', 'meatloaf meatloaf', 'style meatloaf', 'meatloaf style', 'meatloaf roll']","[""['meatloaf']"", ""['meatloaf', 'meatloaf']"", ""['meatloaf', 'meatloaf']""]"
66,370,66_crunch_crunchy_crunch crunchy_crunch bars,"['crunch', 'crunchy', 'crunch crunchy', 'crunch bars', 'crunchies']","[""['crunch']"", ""['crunch']"", ""['crunch']""]"
67,354,67_martini_cocktail_fruit cocktail_martini cocktail,"['martini', 'cocktail', 'fruit cocktail', 'martini cocktail', 'martini martini']","[""['martini']"", ""['martini']"", ""['martini']""]"
68,342,68_salad salad_salad_way salad_side salad,"['salad salad', 'salad', 'way salad', 'side salad', 'salad side']","[""['salad']"", ""['salad']"", ""['salad']""]"
69,338,69_lamb_lamb chops_leg_leg lamb,"['lamb', 'lamb chops', 'leg', 'leg lamb', 'lamb lamb']","[""['lamb']"", ""['lamb']"", ""['lamb']""]"
70,323,70_wraps_wrap_lettuce wraps_wraps chicken,"['wraps', 'wrap', 'lettuce wraps', 'wraps chicken', 'chicken wraps']","[""['wraps']"", ""['wraps']"", ""['wraps']""]"
71,318,71_bars_bars bars_bars graham_graham,"['bars', 'bars bars', 'bars graham', 'graham', 'streusel bars']","[""['bars']"", ""['bars']"", ""['k', 'bars']""]"
72,314,72_brussels sprouts_brussels_sprouts_sprouts brussels,"['brussels sprouts', 'brussels', 'sprouts', 'sprouts brussels', 'sprouts bacon']","[""['brussels', 'sprouts']"", ""['brussels', 'sprouts']"", ""['brussels', 'sprouts']""]"
73,296,73_rice rice_rice_rice heart_heart rice,"['rice rice', 'rice', 'rice heart', 'heart rice', 'rice ina']","[""['rice']"", ""['rice']"", ""['rice']""]"
74,295,74_apple crisp_apple_crisp apple_crisp,"['apple crisp', 'apple', 'crisp apple', 'crisp', 'apple tart']","[""['apple', 'crisp']"", ""['apple', 'crisp']"", ""['apple', 'crisp', 'apple', 'crisp', 'apple', 'crisp', 'kid', 'f']""]"
75,295,75_cobbler_peach cobbler_cobbler peach_peach,"['cobbler', 'peach cobbler', 'cobbler peach', 'peach', 'apple cobbler']","[""['cobbler']"", ""['cobbler']"", ""['cobbler']""]"
76,294,76_points_ww points_ww_points ww,"['points', 'ww points', 'ww', 'points ww', 'points hg']","[""['potato', 'soup', 'ww', 'points']"", ""['ww', 'points']"", ""['ww', 'points']""]"
77,291,77_dijon_dijon chicken_honey dijon_chicken dijon,"['dijon', 'dijon chicken', 'honey dijon', 'chicken dijon', 'dijon pork']","[""['dijon']"", ""['dijon']"", ""['dijon']""]"
78,291,78_chile_chiles_chile chicken_chile relleno,"['chile', 'chiles', 'chile chicken', 'chile relleno', 'relleno']","[""['chile', 'chicken']"", ""['chile']"", ""['chile']""]"
79,281,79_bread bread_bread_bread way_surprise bread,"['bread bread', 'bread', 'bread way', 'surprise bread', 'bread bishop']","[""['bread']"", ""['bread']"", ""['bread']""]"
80,279,80_christmas_cookies christmas_christmas cookies_christmas morning,"['christmas', 'cookies christmas', 'christmas cookies', 'christmas morning', 'reindeer']","[""['christmas', 'cookies']"", ""['christmas', 'cookies']"", ""['butter', 'cookies', 'christmas']""]"
81,276,81_lasagna_lasagna lasagna_chicken lasagna_boil,"['lasagna', 'lasagna lasagna', 'chicken lasagna', 'boil', 'lasagna chicken']","[""['lasagna']"", ""['lasagna']"", ""['lasagna', 'lasagna']""]"
82,269,82_peas_veggie_veggies_snap,"['peas', 'veggie', 'veggies', 'snap', 'snap peas']","[""['sugar', 'snap', 'peas']"", ""['sugar', 'snap', 'peas']"", ""['sugar', 'snap', 'peas']""]"
83,252,83_ranch_ranch chicken_valley_valley ranch,"['ranch', 'ranch chicken', 'valley', 'valley ranch', 'ranch potatoes']","[""['ranch']"", ""['ranch']"", ""['ranch']""]"
84,252,84_paula_paula deen_deen_deen paula,"['paula', 'paula deen', 'deen', 'deen paula', 'casserole paula']","[""['salad', 'paula', 'deen']"", ""['paula', 'deen']"", ""['paula', 'deen']""]"
85,252,85_margarita_margaritas_margarita margarita_margaritas margarita,"['margarita', 'margaritas', 'margarita margarita', 'margaritas margarita', 'strawberry margarita']","[""['margarita']"", ""['margarita']"", ""['margarita']""]"
86,248,86_drumsticks_chicken drumsticks_cucumbers_medley,"['drumsticks', 'chicken drumsticks', 'cucumbers', 'medley', 'drumettes']","[""['chicken', 'drumsticks']"", ""['chicken', 'drumsticks']"", ""['chicken', 'drumsticks']""]"
87,244,87_rum_rum rum_rum sauce_rum balls,"['rum', 'rum rum', 'rum sauce', 'rum balls', 'rum raisin']","[""['rum']"", ""['rum']"", ""['rum']""]"
88,233,88_cajun_cajun chicken_cajun style_salad cajun,"['cajun', 'cajun chicken', 'cajun style', 'salad cajun', 'cajun cajun']","[""['cajun']"", ""['cajun']"", ""['cajun']""]"
89,232,89_split pea_split_barley soup_barley,"['split pea', 'split', 'barley soup', 'barley', 'pea']","[""['split', 'pea', 'soup']"", ""['split', 'pea', 'soup']"", ""['split', 'pea', 'soup']""]"
90,231,90_jello_jello salad_pretzel_salad jello,"['jello', 'jello salad', 'pretzel', 'salad jello', 'jello shots']","[""['jello', 'salad']"", ""['jello']"", ""['jello']""]"
91,230,91_scallops_scallops scallops_scallop_sea scallops,"['scallops', 'scallops scallops', 'scallop', 'sea scallops', 'bay scallops']","[""['scallops']"", ""['scallops']"", ""['scallops']""]"
92,229,92_tex_tex mex_mex_mex chicken,"['tex', 'tex mex', 'mex', 'mex chicken', 'casserole tex']","[""['tex', 'mex', 'chicken', 'rice']"", ""['tex', 'mex', 'chicken']"", ""['tex', 'mex', 'chicken']""]"
93,226,93_john_hoppin john_hoppin_tom,"['john', 'hoppin john', 'hoppin', 'tom', 'meatloaf']","[""['hoppin', 'john']"", ""['hoppin', 'john']"", ""['hoppin', 'john']""]"
94,214,94_hummus_hummus hummus_pepper hummus_hummus dip,"['hummus', 'hummus hummus', 'pepper hummus', 'hummus dip', 'hummus pepper']","[""['hummus']"", ""['hummus']"", ""['hummus']""]"
95,210,95_stroganoff_beef stroganoff_stroganoff beef_beef,"['stroganoff', 'beef stroganoff', 'stroganoff beef', 'beef', 'stroganoff crock']","[""['beef', 'stroganoff']"", ""['beef', 'stroganoff']"", ""['beef', 'stroganoff']""]"
96,207,96_dumplings_chicken dumplings_dumplings chicken_dumplings dumplings,"['dumplings', 'chicken dumplings', 'dumplings chicken', 'dumplings dumplings', 'apple dumplings']","[""['chicken', 'dumplings']"", ""['chicken', 'dumplings']"", ""['chicken', 'dumplings']""]"
97,206,97_jalapeno_jalapenos_jalapeno poppers_johnny jalapeno,"['jalapeno', 'jalapenos', 'jalapeno poppers', 'johnny jalapeno', 'johnny']","[""['jalapeno']"", ""['n', 'jalapeno']"", ""['jalapeno']""]"
98,206,98_soup soup_soup_day soup_soup day,"['soup soup', 'soup', 'day soup', 'soup day', 'day']","[""['soup']"", ""['soup']"", ""['soup']""]"
99,203,99_caramel_caramels_caramels caramel_caramel apple,"['caramel', 'caramels', 'caramels caramel', 'caramel apple', 'caramel caramel']","[""['caramel']"", ""['caramel']"", ""['caramel']""]"
100,203,100_weight_weight watchers_watchers_points weight,"['weight', 'weight watchers', 'watchers', 'points weight', 'watchers weight']","[""['weight', 'watchers']"", ""['weight', 'watchers']"", ""['weight', 'watchers']""]"
101,201,101_buffalo_buffalo chicken_buffalo wings_wings buffalo,"['buffalo', 'buffalo chicken', 'buffalo wings', 'wings buffalo', 'wings']","[""['buffalo']"", ""['buffalo']"", ""['buffalo', 'chicken']""]"
102,199,102_rolls_spring_spring rolls_rolls rolls,"['rolls', 'spring', 'spring rolls', 'rolls rolls', 'crescent']","[""['rolls']"", ""['rolls']"", ""['rolls']""]"
103,198,103_cider_apple cider_cider apple_cider cider,"['cider', 'apple cider', 'cider apple', 'cider cider', 'apple']","[""['apple', 'cider']"", ""['apple', 'cider']"", ""['apple', 'cider']""]"
104,196,104_sauerkraut_sauerkraut sauerkraut_pork sauerkraut_sausage sauerkraut,"['sauerkraut', 'sauerkraut sauerkraut', 'pork sauerkraut', 'sausage sauerkraut', 'sauerkraut soup']","[""['sauerkraut']"", ""['sauerkraut']"", ""['sauerkraut']""]"
105,190,105_kielbasa_kielbasa kielbasa_kielbasa cabbage_kielbasa pasta,"['kielbasa', 'kielbasa kielbasa', 'kielbasa cabbage', 'kielbasa pasta', 'soup kielbasa']","[""['kielbasa']"", ""['kielbasa']"", ""['kielbasa']""]"
106,181,106_fritters_corn fritters_fritters corn_corn,"['fritters', 'corn fritters', 'fritters corn', 'corn', 'fritters fritters']","[""['fritters']"", ""['fritters']"", ""['fritters']""]"
107,178,107_mojito_lemonade_cream broccoli_broccoli soup,"['mojito', 'lemonade', 'cream broccoli', 'broccoli soup', 'lemonade lemonade']","[""['mojito']"", ""['mojito']"", ""['mojito']""]"
108,178,108_cottage_cottage cheese_cottage pie_salad cottage,"['cottage', 'cottage cheese', 'cottage pie', 'salad cottage', 'pie cottage']","[""['cottage', 'cheese']"", ""['cottage', 'cheese']"", ""['cottage', 'cheese']""]"
109,173,109_thighs_chicken thighs_thighs chicken_thighs thighs,"['thighs', 'chicken thighs', 'thighs chicken', 'thighs thighs', 'thighs spicy']","[""['chicken', 'thighs']"", ""['chicken', 'thighs']"", ""['chicken', 'thighs']""]"
110,168,110_creole_creole creole_shrimp creole_creole chicken,"['creole', 'creole creole', 'shrimp creole', 'creole chicken', 'rice creole']","[""['creole']"", ""['creole']"", ""['creole']""]"
111,167,111_tofu_tofu tofu_teriyaki tofu_tofu salad,"['tofu', 'tofu tofu', 'teriyaki tofu', 'tofu salad', 'style tofu']","[""['tofu', 'salad']"", ""['saag', 'tofu', 'tofu', 'spinach']"", ""['tofu', 'tofu', 'vegan']""]"
112,167,112_cake cake_cake_champaign cake_champaign,"['cake cake', 'cake', 'champaign cake', 'champaign', 'cake champaign']","[""['cake']"", ""['cake']"", ""['cake']""]"
113,166,113_joes_joes joes_joe_joes joe,"['joes', 'joes joes', 'joe', 'joes joe', 'joe joes']","[""['joes']"", ""['joes']"", ""['joes']""]"
114,164,114_crispy_crispy chicken_chicken crispy_crisps crispy,"['crispy', 'crispy chicken', 'chicken crispy', 'crisps crispy', 'crisps']","[""['crispy', 'chicken']"", ""['crispy', 'chicken']"", ""['crispy', 'chicken']""]"
115,162,115_mayonnaise_mayo_mayonnaise mayonnaise_mayonnaise mayo,"['mayonnaise', 'mayo', 'mayonnaise mayonnaise', 'mayonnaise mayo', 'salmon mayonnaise']","[""['mayonnaise']"", ""['mayonnaise']"", ""['mayonnaise']""]"
116,161,116_dip dip_dip_dips_dip dips,"['dip dip', 'dip', 'dips', 'dip dips', 'quick dip']","[""['dip']"", ""['dip']"", ""['dip']""]"
117,161,117_chili chili_chili_chilli chili_chili chilies,"['chili chili', 'chili', 'chilli chili', 'chili chilies', 'chili chilli']","[""['chili']"", ""['chili']"", ""['chili']""]"
118,158,118_brisket_beef brisket_brisket brisket_brisket beef,"['brisket', 'beef brisket', 'brisket brisket', 'brisket beef', 'brisket crock']","[""['brisket']"", ""['brisket']"", ""['brisket']""]"
119,158,119_maple_maple syrup_syrup_cookies maple,"['maple', 'maple syrup', 'syrup', 'cookies maple', 'syrup maple']","[""['maple', 'syrup']"", ""['maple', 'syrup']"", ""['maple', 'syrup', 'maple']""]"
120,155,120_toast toast_toast_toasts toast_toast toasts,"['toast toast', 'toast', 'toasts toast', 'toast toasts', 'toasts']","[""['toast']"", ""['toast']"", ""['toast']""]"
121,151,121_guacamole_guacamole guacamole_yorkshire_yorkshire pudding,"['guacamole', 'guacamole guacamole', 'yorkshire', 'yorkshire pudding', 'guacamole yorkshire']","[""['guacamole']"", ""['guacamole']"", ""['guacamole']""]"
122,150,122_reuben_reuben sandwich_reuben casserole_reubens,"['reuben', 'reuben sandwich', 'reuben casserole', 'reubens', 'sandwich reuben']","[""['reuben']"", ""['reuben']"", ""['reuben']""]"
123,150,123_skillet_skillet chicken_chicken skillet_skillet skillet,"['skillet', 'skillet chicken', 'chicken skillet', 'skillet skillet', 'skillet lasagna']","[""['skillet', 'chicken']"", ""['skillet', 'chicken']"", ""['skillet', 'chicken']""]"
124,147,124_shepherd_shepherd pie_pie shepherd_pie,"['shepherd', 'shepherd pie', 'pie shepherd', 'pie', 'shepherds']","[""['shepherd', 'pie']"", ""['shepherd', 'pie']"", ""['shepherd', 'pie']""]"
125,147,125_spaghetti spaghetti_spaghetti_bolognaise spaghetti_spaghetti italiano,"['spaghetti spaghetti', 'spaghetti', 'bolognaise spaghetti', 'spaghetti italiano', 'italiano spaghetti']","[""['spaghetti']"", ""['spaghetti']"", ""['spaghetti', 'spaghetti']""]"
126,146,126_aubergine_aubergine aubergine_eggplant_aubergine eggplant,"['aubergine', 'aubergine aubergine', 'eggplant', 'aubergine eggplant', 'aubergine salad']","[""['aubergine']"", ""['aubergine']"", ""['aubergine']""]"
127,143,127_bow_tie_bow tie_ties,"['bow', 'tie', 'bow tie', 'ties', 'bow ties']","[""['bow', 'tie', 'pasta', 'salad']"", ""['bow', 'tie', 'pasta', 'salad']"", ""['bow', 'tie', 'pasta', 'salad']""]"
128,142,128_salmon salmon_salmon_salmon sbd_tootie salmon,"['salmon salmon', 'salmon', 'salmon sbd', 'tootie salmon', 'lovin salmon']","[""['salmon']"", ""['salmon']"", ""['salmon']""]"
129,142,129_pie pie_pie_pie pies_pies pie,"['pie pie', 'pie', 'pie pies', 'pies pie', 'pies']","[""['pie']"", ""['pie']"", ""['pie']""]"
130,141,130_truffles_truffles chocolate_chocolate truffles_truffles truffles,"['truffles', 'truffles chocolate', 'chocolate truffles', 'truffles truffles', 'souffles']","[""['truffles']"", ""['truffles']"", ""['truffles']""]"
131,137,131_wilbur_todd wilbur_todd_wilbur version,"['wilbur', 'todd wilbur', 'todd', 'wilbur version', 'version']","[""['secret', 'version', 'todd', 'wilbur']"", ""['k', 'c', 'barbecue', 'sauce', 'todd', 'wilbur']"", ""['bread', 'todd', 'wilbur']""]"
132,135,132_tater_tot_tater tot_tot casserole,"['tater', 'tot', 'tater tot', 'tot casserole', 'tater tots']","[""['tater', 'tot', 'casserole']"", ""['tater', 'tot', 'casserole']"", ""['tater', 'tot', 'casserole']""]"
133,132,133_fudge_fudge fudge_fudge minute_fantasy fudge,"['fudge', 'fudge fudge', 'fudge minute', 'fantasy fudge', 'minute fudge']","[""['fudge']"", ""['fudge']"", ""['fudge']""]"
134,129,134_caesar_caesar salad_salad caesar_salad,"['caesar', 'caesar salad', 'salad caesar', 'salad', 'chicken caesar']","[""['caesar', 'salad']"", ""['caesar', 'salad']"", ""['caesar', 'salad']""]"
135,127,135_grits_tacos_grits tacos_grits grits,"['grits', 'tacos', 'grits tacos', 'grits grits', 'cheese grits']","[""['grits']"", ""['grits']"", ""['grits']""]"
136,127,136_quiche_quiche quiche_lorraine_quiche lorraine,"['quiche', 'quiche quiche', 'lorraine', 'quiche lorraine', 'quiches']","[""['quiche']"", ""['quiche']"", ""['quiche']""]"
137,127,137_ham_ham ham_macaroni ham_hamantaschen,"['ham', 'ham ham', 'macaroni ham', 'hamantaschen', 'mini ham']","[""['ham']"", ""['ham']"", ""['ham']""]"
138,126,138_wings_wings wings_bat wings_bat,"['wings', 'wings wings', 'bat wings', 'bat', 'wings style']","[""['wings']"", ""['wings']"", ""['wings']""]"
139,125,139_lentils_lentils lentils_lentil_lentils lentil,"['lentils', 'lentils lentils', 'lentil', 'lentils lentil', 'dal']","[""['lentils']"", ""['lentils']"", ""['lentils']""]"
140,122,140_spice_spice mix_spice spice_mix spice,"['spice', 'spice mix', 'spice spice', 'mix spice', 'spice blend']","[""['spice']"", ""['spice']"", ""['spice']""]"
141,120,141_glaze_glaze ham_ham glaze_orange glaze,"['glaze', 'glaze ham', 'ham glaze', 'orange glaze', 'ham']","[""['ham', 'glaze']"", ""['ham', 'glaze']"", ""['ham', 'glaze']""]"
142,118,142_tomatoes tomatoes_tomatoes_okra tomatoes_tomatoes okra,"['tomatoes tomatoes', 'tomatoes', 'okra tomatoes', 'tomatoes okra', 'okra']","[""['tomatoes']"", ""['tomatoes']"", ""['tomatoes']""]"
143,117,143_cheese cheese_cheese_world cheese_cheese world,"['cheese cheese', 'cheese', 'world cheese', 'cheese world', 'world']","[""['cheese']"", ""['cheese']"", ""['cheese']""]"
144,117,144_party_party dip_party chicken_party potatoes,"['party', 'party dip', 'party chicken', 'party potatoes', 'dinner party']","[""['party', 'dip']"", ""['party', 'dip']"", ""['party', 'dip']""]"
145,116,145_jambalaya_jambalaya jambalaya_sausage jambalaya_jambalaya sausage,"['jambalaya', 'jambalaya jambalaya', 'sausage jambalaya', 'jambalaya sausage', 'jambalaya crock']","[""['jambalaya']"", ""['jambalaya']"", ""['jambalaya']""]"
146,112,146_mussels_mussels mussels_mussels wine_sauce mussels,"['mussels', 'mussels mussels', 'mussels wine', 'sauce mussels', 'mussel']","[""['mussels']"", ""['mussels']"", ""['mussels']""]"
147,112,147_relish_relish cranberry_relish relish_corn relish,"['relish', 'relish cranberry', 'relish relish', 'corn relish', 'tomato relish']","[""['relish']"", ""['relish']"", ""['relish']""]"
148,111,148_fiesta_fiesta chicken_chicken fiesta_fiesta dip,"['fiesta', 'fiesta chicken', 'chicken fiesta', 'fiesta dip', 'fiesta fiesta']","[""['fiesta', 'chicken']"", ""['fiesta']"", ""['fiesta']""]"
149,111,149_liver_livers_chicken livers_chicken liver,"['liver', 'livers', 'chicken livers', 'chicken liver', 'beef liver']","[""['chicken', 'liver', 'pate']"", ""['chicken', 'liver', 'pate']"", ""['liver']""]"
150,111,150_cocoa_cocoa cocoa_cocoa mix_mix cocoa,"['cocoa', 'cocoa cocoa', 'cocoa mix', 'mix cocoa', 'mix']","[""['cocoa']"", ""['cocoa']"", ""['cocoa']""]"
151,109,151_appetizer_appetizers_appetizer appetizer_appetizers appetizer,"['appetizer', 'appetizers', 'appetizer appetizer', 'appetizers appetizer', 'bread appetizer']","[""['appetizer']"", ""['appetizer']"", ""['appetizer']""]"
152,108,152_beets_crepes_beets beets_crepes beets,"['beets', 'crepes', 'beets beets', 'crepes beets', 'beets crepes']","[""['beets']"", ""['beets']"", ""['beets', 'beets']""]"
153,108,153_shrimp shrimp_shrimp_shrimps_shrimp shrimps,"['shrimp shrimp', 'shrimp', 'shrimps', 'shrimp shrimps', 'shrimps shrimps']","[""['shrimp']"", ""['shrimp']"", ""['shrimp']""]"
154,105,154_pizza pizza_pizza_pizza pizzas_pizzas pizza,"['pizza pizza', 'pizza', 'pizza pizzas', 'pizzas pizza', 'pizzas']","[""['pizza']"", ""['pizza']"", ""['pizza']""]"
155,105,155_england_welsh_london_england clam,"['england', 'welsh', 'london', 'england clam', 'london broil']","[""['england', 'clam', 'chowder']"", ""['england', 'clam', 'chowder']"", ""['england', 'clam', 'chowder']""]"
156,104,156_carb_carb carb_carb chicken_chicken carb,"['carb', 'carb carb', 'carb chicken', 'chicken carb', 'casserole carb']","[""['carb']"", ""['carb']"", ""['carb', 'carb']""]"
157,103,157_enchiladas_enchiladas enchiladas_enchilada_enchiladas enchilada,"['enchiladas', 'enchiladas enchiladas', 'enchilada', 'enchiladas enchilada', 'enchilada enchiladas']","[""['enchiladas']"", ""['enchiladas']"", ""['enchiladas', 'enchiladas']""]"
158,102,158_mein_lo mein_chow mein_lo,"['mein', 'lo mein', 'chow mein', 'lo', 'chow']","[""['lo', 'mein']"", ""['lo', 'mein']"", ""['lo', 'mein']""]"
